order_id,customer_name,email,order_date,amount_usd,quantity,country,status
10001.0,Grace Lee,grace.lee76@example.com,2026-04-20,30.83,6.0,AU,pending
10002.0,Isla Chen,isla.chen2@example.com,2026-08-14,32.39,3.0,NZ,cancelled
10003.0,Mia Jones,mia.jones95@example.com,2026-01-14,73.25,1.0,US,pending
10004.0,William Williams,william.williams30@example.com,2026-02-20,81.99,6.0,AU,pending
10005.0,Lucas Lee,lucas.lee82@example.com,2026-03-20,190.78,5.0,GB,delivered
10006.0,José Nguyen,jose.nguyen33@example.com,2026-09-08,34.93,1.0,GB,pending
10007.0,Olivia Harris,olivia.harris55@example.com,2026-09-27,78.87,2.0,AU,pending
10008.0,Ava Williams,ava.williams23@example.com,2026-06-06,22.02,1.0,US,pending
10009.0,Isla Brown,,2026-02-08,46.61,4.0,AU,cancelled
10010.0,Zoë Brown,zoe.brown5@example.com,2026-05-08,37.91,0.0,NZ,delivered
10011.0,Oliver Chen,oliver.chen30@example.com,2026-04-16,47.59,2.0,US,cancelled
10012.0,Isla Taylor,@example.com,2026-03-09,169.96,4.0,NZ,delivered
10013.0,Aarav Patel,aarav.patel5@example.com,2026-04-26,43.71,1.0,NZ,shipped
10014.0,Thomas Patel,thomas.patel22@example.com,2026-08-04,55.63,3.0,AU,shipped
10016.0,Lucas Harris,lucas.harris43@example.com,2026-06-05,29.05,2.0,AU,shipped
10017.0,Isla Patel,isla.patel64@example.com,2026-01-21,24.23,2.0,US,pending
10018.0,Aarav Kelly,aarav.kelly5@example.com,2026-02-27,24.35,1.0,AU,pending
10019.0,Ngoc Chen,ngoc.chen11@example.com,2026-07-28,78.89,3.0,AU,shipped
10020.0,William Walker,william.walker23@example.com,2026-01-08,26.17,6.0,NZ,cancelled
10021.0,Aarav Harris,aarav.harris57@example.com,2026-01-25,23.08,4.0,AU,shipped
10022.0,Isla Nguyen,isla.nguyen46@example.com,2026-02-13,38.92,6.0,NZ,cancelled
10023.0,Aarav Jones,aarav.jones22@example.com,2026-09-25,18.58,2.0,NZ,pending
10024.0,Chloe Brown,chloe.brown95@example.com,2026-09-05,62.7,,AU,shipped
10025.0,Ngoc Harris,ngoc.harris10@example.com,2026-08-17,48.46,,GB,cancelled
10026.0,Grace Nguyen,grace.nguyen65@example.com,2026-06-03,13.99,5.0,NZ,cancelled
10027.0,Amelia Walker,amelia.walker2@example.com,2026-06-28,28.06,1.0,NZ,cancelled
10028.0,Ngoc Chen,ngoc.chen50@example.com,2026-06-12,23.17,2.0,AU,delivered
10029.0,William Taylor,william.taylor63@example.com,2026-02-14,35.9,5.0,GB,shipped
10030.0,Amelia Kelly,amelia.kelly48@example.com,2026-07-25,18.9,1.0,AU,delivered
10031.0,Ava Brown,ava.brown88@example.com,2026-03-26,36.61,1.0,US,delivered
10032.0,Ngoc Taylor,ngoc.taylor30@example.com,2026-04-23,21.13,2.0,US,delivered
10372.0,Thomas Harris,thomas.harris2@example.com,2026-07-09,38.88,5.0,AU,pending
10033.0,Aarav Taylor,aarav.taylor15@example.com,2026-04-25,88.58,5.0,AU,pending
10034.0,Charlotte Jones,,2026-08-10,21.91,1.0,AU,shipped
10035.0,Charlotte Smith,,2026-03-28,31.57,4.0,US,pending
10134.0,Ava Smith,ava.smith59@example.com,2026-07-24,35.98,3.0,GB,pending
10036.0,Charlotte Chen,charlotte.chen96@example.com,2026-06-28,66.76,4.0,AU,shipped
10037.0,Thomas Harris,thomas.harris59@example.com,2026-05-02,72.85,6.0,GB,shipped
10038.0,Isla Patel,isla.patel79@example.com,2026-02-02,68.53,6.0,GB,shipped
10039.0,Isla Wilson,isla.wilson62@example.com,2026-03-28,60.23,2.0,AU,cancelled
10040.0,Ngoc Taylor,ngoc.taylor12@example.com,2026-09-17,62.63,2.0,AU,delivered
10250.0,Isla Taylor,,2026-04-15,49.88,2.0,US,shipped
10041.0,Aarav Williams,aarav.williams17@example.com,2026-07-01,27.81,4.0,AU,delivered
10042.0,Leo Kelly,leo.kelly8@example.com,2026-08-08,49.13,5.0,NZ,pending
10043.0,Isla Taylor,isla.taylor83@example.com,2026-07-07,114.18,1.0,US,cancelled
10044.0,Ava Lee,ava.lee61@example.com,2026-04-19,11.38,6.0,NZ,cancelled
10045.0,William Kelly,william.kelly15@example.com,2026-06-25,36.72,2.0,AU,shipped
10046.0,Isla Walker,isla.walker48@example.com,2026-07-23,33.44,2.0,AU,cancelled
10047.0,Lucas Brown,lucas.brown36@example.com,2026-09-09,-45.08,1.0,AU,cancelled
10048.0,Amelia Chen,amelia.chen49@example.com,2026-08-02,15.4,3.0,GB,cancelled
10049.0,William Martin,william.martin54@example.com,2026-06-07,17.55,3.0,US,cancelled
10050.0,José Nguyen,jose.nguyen8@example.com,2026-02-07,71.17,4.0,NZ,shipped
10051.0,Jack Nguyen,,2026-07-20,20.77,5.0,US,shipd
10052.0,Thomas Martin,,2026-02-10,35.11,2.0,US,cancelled
10053.0,Aarav Brown,aarav.brown84@example.com,2026-01-20,5.21,5.0,US,pending
10054.0,Aarav Jones,aarav.jones67@example.com,2026-08-20,51.36,3.0,GB,shipped
10055.0,Charlotte Harris,charlotte.harris41@example.com,2026-05-07,118.38,4.0,US,shipped
10056.0,Mia Lee,mia.lee93@example.com,2026-05-11,32.62,4.0,GB,pending
10057.0,Olivia Wilson,olivia.wilson12@example.com,2026-03-20,26.73,4.0,NZ,delivered
10058.0,Olivia Patel,olivia.patel49@example.com,2026-02-05,12.16,4.0,GB,delivered
10059.0,Amelia Smith,amelia.smith12@example.com,2026-02-15,118.29,3.0,US,shipd
10060.0,Noah Williams,noah.williams43@example.com,2026-07-12,131.57,2.0,US,cancelled
10061.0,Ava White,ava.white40@example.com,2026-09-22,25.3,5.0,AU,pending
10062.0,Thomas Brown,thomas.brown13@example.com,2026-01-01,15.18,1.0,NZ,delivered
10063.0,Oliver Kelly,oliver.kelly35@example.com,2026-07-15,15.47,6.0,GB,delivered
10064.0,Charlotte Patel,charlotte.patel45@example.com,2026-08-14,13.06,1.0,NZ,shipped
10067.0,Ngoc Jones,,2026-07-18,68.31,5.0,AU,delivered
10068.0,Leo Martin,leo.martin65@example.com,2026-01-11,86.32,4.0,NZ,delivered
10070.0,Jack Brown,,2026-04-13,21.72,4.0,NZ,delivered
10107.0,Isla White,isla.white18@example.com,2026-09-15,41.32,1.0,US,pending
10071.0,José Nguyen,jose.nguyen28@example.com,2026-09-20,114.08,1.0,GB,cancelled
10072.0,Zoë Taylor,zoe.taylor74@example.com,2026-02-15,19.8,6.0,US,delivered
10392.0,Aarav Jones,aarav.jones33@example.com,2026-05-03,46.78,1.0,AU,delivered
10073.0,Ava Patel,ava.patel43@example.com,2026-04-04,43.28,4.0,US,shipped
10074.0,José Brown,jose.brown96@example.com,2026-01-06,55.64,4.0,US,cancelled
10075.0,Zoë Kelly,zoe.kelly66@example.com,2026-02-09,5.31,1.0,AU,cancelled
10076.0,Amelia Chen,amelia.chen73@example.com,2026-05-01,30.36,1.0,AU,cancelled
10077.0,Henry Smith,henry.smith74@example.com,2026-06-07,40.25,4.0,NZ,delivered
10078.0,Isla Nguyen,isla.nguyen55@example.com,2026-01-01,33.72,3.0,GB,cancelled
10079.0,,anon60@example.com,2026-06-06,23.84,2.0,NZ,shipped
10080.0,Jack Chen,jack.chen61@example.com,2026-02-07,39.66,4.0,US,delivered
10081.0,Charlotte Smith,,2026-01-14,83.54,6.0,AU,delivered
10082.0,Aarav Wilson,aarav.wilson32@example.com,2026-01-22,34.2,5.0,GB,shipped
10083.0,Mia Smith,mia.smith61@example.com,2026-06-17,56.73,4.0,GB,pending
10084.0,Charlotte Martin,charlotte.martin60@example.com,2026-01-18,113.29,1.0,NZ,shipped
10085.0,Aarav Smith,aarav.smith47@example.com,2026-05-23,27.15,,NZ,pending
10086.0,Mia Harris,mia.harris47@example.com,2026-07-07,19.86,4.0,GB,delivered
10087.0,Leo Patel,,2026-01-25,7.91,1.0,AU,shipped
10088.0,Zoë Brown,zoe.brown73@example.com,2026-02-17,30.89,2.0,US,delivered
10089.0,Leo Brown,leo.brown69@example.com,2026-09-20,49.59,4.0,US,delivered
10090.0,Grace Jones,grace.jones3@example.com,2026-09-26,18.92,5.0,GB,delivered
10091.0,Zoë Smith,zoe.smith87@example.com,2026-07-20,39.59,2.0,GB,pending
10092.0,Aarav Brown,aarav.brown62@example.com,2026-02-17,63.0,4.0,GB,delivered
10093.0,William Walker,william.walker74@example.com,2026-09-18,24.91,6.0,GB,pending
10094.0,,anon80@example.com,2026-09-26,26.3,5.0,GB,delivered
10095.0,Ava Patel,ava.patel22@example.com,2026-07-22,35.32,3.0,GB,shipped
10096.0,Mia Lee,,2026-08-28,29.18,5.0,US,shipped
10097.0,Thomas Williams,thomas.williams72@example.com,2026-06-25,78.77,3.0,US,pending
10098.0,Mia Martin,mia.martin25@example.com,2026-07-11,10.1,1.0,AU,pending
10099.0,Lucas Nguyen,lucas.nguyen14@example.com,2026-08-23,62.46,2.0,AU,cancelled
10100.0,Henry White,henry.white50@example.com,2026-06-28,24.51,6.0,NZ,pending
10101.0,Thomas Martin,thomas.martin3@example.com,2026-07-02,108.5,2.0,AU,cancelled
10102.0,Ngoc Martin,ngoc.martin86@example.com,2026-08-20,9.41,4.0,NZ,delivered
10103.0,Lucas Chen,lucas.chen8@example.com,2026-09-16,36.38,3.0,NZ,shipped
10105.0,Oliver Walker,oliver.walker51@example.com,2026-07-13,33.96,5.0,GB,cancelled
10106.0,Grace Harris,grace.harris84@example.com,2026-02-10,90.88,3.0,NZ,delivered
10108.0,Aarav Brown,aarav.brown44@example.com,2026-03-16,199.71,5.0,US,cancelled
10109.0,Aarav Patel,aarav.patel62@example.com,2026-06-27,65.6,2.0,GB,delivered
10369.0,Chloe Martin,chloe.martin91@example.com,2026-07-10,48.01,4.0,AU,delivered
10110.0,Isla Lee,isla.lee14@example.com,2026-02-21,111.6,4.0,AU,cancelled
10111.0,Lucas Wilson,lucas.wilson55@example.com,2026-03-13,41.04,2.0,US,shipped
10112.0,Jack Harris,jack.harris95@example.com,2026-04-05,89.17,5.0,AU,shipped
10113.0,Grace Harris,grace.harris40@example.com,2026-05-17,63.22,6.0,AU,shipped
10114.0,Oliver Walker,oliver.walker86@example.com,2026-07-14,5.89,4.0,US,delivered
10115.0,Ava Patel,ava.patel51@example.com,2026-04-19,20.55,3.0,US,shipped
10116.0,Mia Wilson,mia.wilson48@example.com,2026-04-22,81.73,6.0,GB,delivered
10117.0,Amelia Harris,amelia.harris90@example.com,2026-03-12,95.56,5.0,US,delivered
10118.0,Thomas Williams,thomas.williams19@example.com,2026-03-23,26.83,6.0,AU,shipped
10119.0,Chloe Walker,chloe.walker83@example.com,2026-01-10,79.51,3.0,AU,pending
10120.0,Isla Brown,isla.brown70@example.com,2026-01-08,71.86,1.0,NZ,cancelled
10121.0,Aarav Martin,aarav.martin31@example.com,2026-04-04,52.42,5.0,NZ,delivered
10122.0,Aarav Kelly,aarav.kelly80@example.com,2026-08-10,48.94,2.0,US,cancelled
10123.0,José Wilson,jose.wilson96@example.com,2026-04-01,20.14,5.0,NZ,delivered
10124.0,Oliver Chen,oliver.chen26@example.com,2026-01-11,46.8,4.0,NZ,delivered
10125.0,William White,william.white18@example.com,2026-01-09,9.09,5.0,GB,shipped
10126.0,Chloe Harris,chloe.harris4@example.com,2026-03-15,85.66,5.0,AU,cancelled
10127.0,Olivia Brown,olivia.brown31@example.com,2026-03-05,63.66,2.0,AU,pending
10128.0,,anon30@example.com,2026-01-02,124.61,3.0,US,delivered
10129.0,Thomas White,thomas.white51@example.com,2026-07-24,25.77,6.0,NZ,cancelled
10130.0,Jack Brown,jack.brown60@example.com,2026-09-24,18.52,3.0,US,shipped
10131.0,Noah White,noah.white52@example.com,2026-01-04,26.76,6.0,US,cancelled
10132.0,Jack Nguyen,jack.nguyen67@example.com,2026-04-04,10.2,5.0,US,shipped
10133.0,Chloe Chen,chloe.chen66@example.com,2026-04-05,33.75,,US,cancelled
10135.0,Amelia White,amelia.white9@example.com,2026-02-23,20.9,1.0,GB,shipped
10136.0,José Jones,jose.jones13@example.com,2026-05-01,76.97,1.0,GB,cancelled
10137.0,,,2026-09-21,29.35,1.0,AU,cancelled
10138.0,Leo Jones,leo.jones31@example.com,2026-04-09,12.18,2.0,US,shipped
10139.0,William Martin,william.martin56@example.com,2026-02-12,45.41,2.0,NZ,cancelled
10140.0,Oliver Brown,,2026-08-17,70.08,3.0,AU,cancelled
10141.0,Ngoc Chen,ngoc.chen63@example.com,2026-06-03,66.79,5.0,GB,delivered
10301.0,Chloe Chen,chloe.chen83@example.com,2026-02-22,21.62,1.0,AU,shipped
10142.0,Ava Brown,ava.brown47@example.com,2026-06-25,18.34,4.0,AU,pending
10143.0,Lucas Chen,lucas.chen71@example.com,2026-07-13,49.11,4.0,AU,pending
10144.0,Amelia Jones,@example.com,2026-03-03,26.39,4.0,AU,shipped
10145.0,Charlotte Patel,charlotte.patel47@example.com,2026-05-26,47.5,4.0,NZ,pending
10146.0,,anon52@example.com,2026-07-11,22.93,6.0,NZ,cancelled
10147.0,Charlotte Smith,charlotte.smith92@example.com,2026-02-01,54.13,1.0,AU,pending
10148.0,Thomas Nguyen,thomas.nguyen12@example.com,2026-02-03,68.58,5.0,GB,shipped
10149.0,Zoë Walker,zoe.walker22@example.com,2026-09-15,219.13,5.0,AU,shipped
10150.0,Ngoc Martin,ngoc.martin9@example.com,2026-04-28,29.92,2.0,NZ,shipped
10151.0,Grace Walker,grace.walker53@example.com,,23.08,4.0,US,cancelled
10152.0,Jack Patel,jack.patel49@example.com,2026-07-18,17.43,,AU,shipped
10153.0,Zoë Walker,zoe.walker47@example.com,2026-06-09,49.45,4.0,NZ,delivered
10154.0,Thomas Wilson,thomas.wilson23@example.com,2026-06-15,45.54,5.0,NZ,shipped
10155.0,Charlotte Patel,charlotte.patel77@example.com,2026-01-16,84.82,4.0,AU,cancelled
10156.0,Mia Nguyen,mia.nguyen81@example.com,2026-01-10,74.29,3.0,US,pending
10157.0,Charlotte Brown,@example.com,2026-04-27,19.76,1.0,GB,shipped
10158.0,Oliver Kelly,oliver.kelly42@example.com,2026-09-07,76.54,,AU,cancelled
10159.0,Henry Walker,henry.walker35@example.com,2026-03-26,21.88,5.0,AU,pending
10160.0,Mia Martin,mia.martin20@example.com,2026-09-23,83.48,1.0,AU,delivered
10161.0,Aarav Harris,aarav.harris79@example.com,2026-07-11,32.51,3.0,US,pending
10162.0,William Smith,william.smith3@example.com,2026-06-11,26.82,2.0,NZ,pending
10163.0,Chloe Harris,chloe.harris22@example.com,2026-09-23,40.27,2.0,US,shipped
10229.0,Ava Walker,ava.walker28@example.com,2026-01-16,34.48,5.0,NZ,delivered
10164.0,Olivia Walker,olivia.walker23@example.com,2026-09-03,158.4,4.0,AU,delivered
10166.0,Henry Martin,henry.martin64@example.com,2026-07-08,51.66,1.0,NZ,cancelled
10167.0,Grace Lee,grace.lee94@example.com,2026-06-28,24.72,2.0,GB,delivered
10168.0,Oliver Patel,oliver.patel19@example.com,2026-05-14,60.29,3.0,NZ,cancelled
10169.0,Lucas White,lucas.white46@example.com,2026-05-23,113.46,4.0,GB,cancelled
10170.0,José Kelly,jose.kelly44@example.com,2026-08-26,36.12,6.0,NZ,cancelled
10171.0,Amelia Patel,amelia.patel14@example.com,2026-07-15,29.42,6.0,GB,shipped
10172.0,Ava Harris,,2026-05-14,38.15,1.0,AU,delivered
10173.0,José Wilson,jose.wilson76@example.com,2026-07-08,33.97,6.0,NZ,shipped
10174.0,,anon45@example.com,2026-07-15,64.52,4.0,AU,pending
10175.0,Charlotte Taylor,charlotte.taylor38@example.com,2026-09-08,43.93,2.0,US,delivered
10176.0,Grace Lee,grace.lee36@example.com,2026-01-16,29.7,1.0,GB,cancelled
10177.0,Mia Patel,mia.patel71@example.com,2026-05-26,21.94,3.0,GB,delivered
10178.0,Thomas Chen,thomas.chen15@example.com,2026-03-20,40.18,3.0,US,shipped
10179.0,José Lee,jose.lee24@example.com,2026-08-18,20.01,5.0,NZ,cancelled
10180.0,Amelia Chen,amelia.chen50@example.com,2026-05-28,55.08,6.0,NZ,delivered
10181.0,William Wilson,william.wilson97@example.com,2026-01-26,56.21,5.0,AU,delivered
10182.0,Oliver White,oliver.white54@example.com,2026-03-26,179.99,1.0,GB,delivered
10183.0,Ngoc Kelly,ngoc.kelly38@example.com,2026-09-24,19.11,5.0,AU,delivered
10184.0,Henry White,henry.white71@example.com,2026-02-11,20.03,4.0,AU,shipped
10185.0,Olivia Brown,@example.com,2026-01-21,85.95,3.0,GB,pending
10186.0,José Lee,jose.lee3@example.com,2026-05-06,54.48,2.0,NZ,shipped
10187.0,Isla Patel,isla.patel95@example.com,2026-08-23,-84.83,5.0,AU,shipped
10188.0,Thomas Walker,thomas.walker20@example.com,2026-04-06,12.46,6.0,NZ,pending
10189.0,Thomas Taylor,thomas.taylor20@example.com,2026-08-01,39.15,5.0,AU,shipped
10190.0,Leo Kelly,leo.kelly42@example.com,2026-06-21,87.81,4.0,GB,pending
10191.0,Chloe Brown,chloe.brown86@example.com,2026-02-13,32.41,2.0,GB,shipped
10192.0,Leo Nguyen,leo.nguyen55@example.com,2026-08-10,222.83,5.0,NZ,pending
10193.0,William Jones,william.jones21@example.com,2026-06-16,8.32,1.0,NZ,cancelled
10194.0,Chloe Williams,chloe.williams21@example.com,2026-08-26,26.02,0.0,US,delivered
10195.0,Noah Lee,noah.lee69@example.com,2026-01-19,94.28,4.0,GB,shipped
10196.0,Jack Chen,jack.chen96@example.com,2026-05-03,11.49,2.0,GB,delivered
10197.0,,anon22@example.com,2026-04-07,147.29,1.0,NZ,delivered
10198.0,Amelia Jones,amelia.jones14@example.com,2026-04-17,25.66,3.0,AU,cancelled
10199.0,Ava Wilson,ava.wilson26@example.com,2026-07-22,64.67,1.0,US,delivered
10200.0,Charlotte Kelly,charlotte.kelly40@example.com,2026-02-28,9.8,2.0,AU,shipped
10201.0,,anon50@example.com,2026-01-28,41.03,4.0,NZ,shipped
10202.0,Henry Jones,henry.jones88@example.com,2026-03-06,91.85,2.0,GB,pending
10203.0,José Wilson,jose.wilson17@example.com,2026-05-09,25.01,2.0,AU,pending
10204.0,José Smith,jose.smith26@example.com,2026-05-27,36.04,3.0,NZ,delivered
10205.0,Noah Lee,noah.lee93@example.com,2026-04-28,20.52,4.0,GB,pending
10206.0,Henry White,henry.white86@example.com,2026-04-09,73.12,5.0,US,shipped
10207.0,,anon73@example.com,2026-07-15,19.18,6.0,NZ,cancelled
10208.0,Olivia Chen,olivia.chen12@example.com,2026-08-13,54.45,5.0,GB,shipped
10209.0,Jack Taylor,jack.taylor14@example.com,2026-02-12,26.22,1.0,AU,shipd
10210.0,,anon78@example.com,2026-05-11,17.46,1.0,AU,pending
10211.0,Chloe Smith,chloe.smith70@example.com,2026-05-11,91.86,4.0,US,delivered
10212.0,Amelia Wilson,amelia.wilson77@example.com,2026-06-05,77.72,2.0,AU,shipped
10213.0,Aarav Taylor,aarav.taylor85@example.com,2026-08-01,9.07,6.0,NZ,shipped
10214.0,Amelia Taylor,amelia.taylor91@example.com,2026-05-04,22.1,3.0,NZ,pending
10215.0,José Brown,jose.brown60@example.com,2026-01-20,8.87,2.0,GB,shipped
10216.0,Charlotte Martin,charlotte.martin37@example.com,2026-09-23,40.97,2.0,GB,shipped
10217.0,Zoë Taylor,zoe.taylor78@example.com,2026-03-16,18.56,2.0,GB,shipped
10218.0,Grace Patel,grace.patel40@example.com,2026-06-21,26.03,3.0,AU,cancelled
10219.0,Amelia Harris,amelia.harris16@example.com,2026-03-17,7.96,2.0,GB,cancelled
10220.0,Charlotte Jones,,2026-03-15,60.22,1.0,AU,cancelled
10221.0,Amelia Williams,amelia.williams75@example.com,2026-07-15,44.39,4.0,AU,pending
10222.0,Oliver Chen,,2026-01-28,25.02,5.0,NZ,cancelled
10223.0,Leo Wilson,leo.wilson60@example.com,2026-08-21,109.05,3.0,US,shipped
10224.0,Ngoc Kelly,ngoc.kelly50@example.com,2026-03-16,22.45,3.0,GB,pending
10225.0,Ava Smith,ava.smith51@example.com,2026-07-05,47.45,1.0,AU,delivered
10226.0,José Jones,jose.jones48@example.com,2026-06-06,30.59,3.0,GB,shipped
10227.0,Amelia Smith,amelia.smith14@example.com,2026-01-22,49.19,6.0,NZ,shipped
10228.0,Jack Patel,jack.patel93@example.com,2026-09-07,37.52,3.0,AU,shipped
10230.0,Aarav Nguyen,aarav.nguyen42@example.com,2026-07-27,20.32,3.0,GB,delivered
10231.0,Olivia Lee,olivia.lee24@example.com,2026-03-16,44.36,1.0,GB,pending
10232.0,Isla Lee,isla.lee25@example.com,2026-02-19,34.59,4.0,NZ,pending
10233.0,Chloe Martin,chloe.martin1@example.com,2026-07-05,26.77,4.0,US,shipd
10234.0,Jack Lee,jack.lee25@example.com,2026-07-18,70.14,5.0,NZ,shipped
10235.0,Mia Wilson,mia.wilson42@example.com,2026-04-26,23.77,3.0,AU,shipped
10236.0,Ngoc Martin,ngoc.martin19@example.com,2026-06-25,36.75,3.0,AU,shipped
10237.0,Amelia Patel,amelia.patel35@example.com,2026-06-06,38.76,4.0,AU,shipped
10238.0,Lucas Brown,lucas.brown64@example.com,2026-07-01,42.99,5.0,US,shipped
10239.0,Aarav Chen,aarav.chen9@example.com,2026-01-23,17.83,1.0,NZ,cancelled
10240.0,,anon6@example.com,2026-06-05,68.31,5.0,AU,pending
10241.0,José White,jose.white94@example.com,2026-06-20,52.66,4.0,AU,shipped
10242.0,Zoë Chen,zoe.chen78@example.com,2026-06-10,14.96,5.0,GB,cancelled
10243.0,Oliver Patel,oliver.patel30@example.com,2026-06-14,13.3,6.0,GB,pending
10244.0,William Lee,,2026-03-15,261.85,6.0,GB,delivered
10245.0,Jack Kelly,jack.kelly62@example.com,2026-04-17,46.23,3.0,US,cancelled
10246.0,Mia Kelly,mia.kelly42@example.com,2026-08-10,64.13,4.0,US,cancelled
10247.0,Noah Martin,noah.martin53@example.com,2026-01-24,10.53,1.0,AU,delivered
10248.0,Lucas Chen,lucas.chen63@example.com,2026-07-14,18.49,4.0,NZ,pending
10249.0,Zoë Martin,zoe.martin38@example.com,,87.85,2.0,GB,shipped
10251.0,Ngoc Smith,ngoc.smith1@example.com,2026-05-06,68.85,2.0,US,shipd
10252.0,Jack Harris,jack.harris32@example.com,2026-06-07,95.38,0.0,US,shipped
10253.0,Lucas Jones,lucas.jones2@example.com,2026-05-09,27.97,5.0,GB,shipped
10254.0,,anon75@example.com,2026-04-21,8.61,3.0,US,cancelled
10293.0,Olivia White,,2026-08-25,44.14,4.0,NZ,pending
10255.0,Grace Taylor,grace.taylor87@example.com,2026-07-09,11.23,6.0,US,pending
10256.0,Grace Chen,grace.chen71@example.com,2026-04-12,61.06,1.0,US,cancelled
10257.0,Noah Patel,noah.patel27@example.com,2026-04-07,46.27,1.0,US,delivered
10258.0,Leo Wilson,leo.wilson95@example.com,2026-09-21,53.22,5.0,US,shipped
10259.0,Charlotte Williams,charlotte.williams25@example.com,2026-01-02,53.33,4.0,GB,pending
10261.0,Olivia Martin,olivia.martin61@example.com,2026-04-02,44.77,1.0,US,pending
10262.0,Aarav Brown,,2026-05-14,104.06,5.0,NZ,shipped
10263.0,Lucas Martin,lucas.martin1@example.com,2026-09-21,19.19,2.0,NZ,pending
10264.0,José Smith,jose.smith69@example.com,2026-05-13,85.48,5.0,AU,shipped
10265.0,Aarav Wilson,aarav.wilson59@example.com,2026-05-27,25.88,1.0,US,shipped
10266.0,Lucas Patel,lucas.patel73@example.com,2026-05-17,114.19,3.0,AU,delivered
10267.0,Chloe Wilson,chloe.wilson25@example.com,2026-04-23,27.01,3.0,US,delivered
10268.0,Ava Jones,ava.jones71@example.com,2026-06-06,25.19,,GB,delivered
10269.0,Noah Lee,,2026-08-20,41.34,4.0,AU,shipped
10270.0,Olivia Patel,olivia.patel94@example.com,2026-02-15,47.46,6.0,AU,pending
10271.0,Leo Wilson,leo.wilson92@example.com,2026-08-26,26.09,6.0,GB,shipped
10272.0,Jack Jones,,2026-01-03,231.22,4.0,AU,cancelled
10273.0,William Lee,,2026-08-02,70.92,3.0,NZ,shipped
10274.0,Chloe Harris,,2026-06-04,6.12,1.0,NZ,shipped
10275.0,Lucas Patel,lucas.patel75@example.com,2026-02-10,15.97,5.0,US,cancelled
10276.0,Isla Wilson,,2026-01-04,20.0,6.0,AU,cancelled
10277.0,Olivia Nguyen,olivia.nguyen70@example.com,2026-06-02,18.76,5.0,US,shipped
10278.0,William Patel,william.patel57@example.com,2026-01-25,35.79,3.0,GB,cancelled
10279.0,Amelia Lee,amelia.lee78@example.com,2026-06-27,46.79,5.0,AU,shipped
10280.0,,anon93@example.com,2026-01-08,32.77,2.0,NZ,cancelled
10281.0,Chloe Wilson,chloe.wilson39@example.com,2026-03-12,78.81,4.0,AU,pending
10282.0,Aarav White,aarav.white35@example.com,2026-07-02,31.13,5.0,NZ,shipped
10283.0,Olivia Walker,olivia.walker19@example.com,2026-06-16,31.42,0.0,AU,pending
10284.0,Ngoc Wilson,ngoc.wilson73@example.com,2026-04-05,28.54,4.0,GB,delivered
10285.0,Lucas Lee,lucas.lee11@example.com,2026-06-10,35.81,4.0,AU,shipped
10286.0,Ngoc Williams,ngoc.williams41@example.com,2026-02-23,13.87,4.0,US,shipd
10287.0,Lucas Lee,lucas.lee10@example.com,2026-03-28,44.62,4.0,US,shipped
10288.0,Chloe Jones,chloe.jones29@example.com,2026-07-01,16.48,3.0,AU,cancelled
10289.0,Isla Harris,isla.harris89@example.com,2026-08-11,-26.62,6.0,AU,cancelled
10291.0,Leo Nguyen,leo.nguyen63@example.com,2026-09-09,48.77,4.0,US,cancelled
10292.0,Leo Jones,leo.jones41@example.com,2026-07-04,70.08,5.0,AU,pending
10294.0,José Taylor,jose.taylor60@example.com,2026-06-19,31.61,3.0,GB,delivered
10295.0,Amelia Chen,amelia.chen2@example.com,2026-01-11,32.17,2.0,US,delivered
10296.0,Henry Smith,henry.smith5@example.com,2026-05-15,38.34,1.0,AU,pending
10367.0,Jack Chen,,,27.67,3.0,GB,shipped
10297.0,Oliver Kelly,oliver.kelly2@example.com,2026-04-15,29.5,5.0,NZ,delivered
10298.0,Olivia Patel,olivia.patel30@example.com,2026-02-01,91.43,5.0,US,shipped
10299.0,Chloe White,chloe.white35@example.com,2026-04-07,22.06,1.0,AU,delivered
10300.0,Thomas Chen,thomas.chen27@example.com,2026-01-20,22.28,2.0,AU,cancelled
10302.0,Grace White,grace.white54@example.com,2026-03-20,111.74,3.0,GB,shipped
10303.0,Oliver Brown,oliver.brown99@example.com,2026-02-17,7.37,6.0,GB,cancelled
10304.0,José Williams,jose.williams97@example.com,2026-05-06,27.07,4.0,GB,pending
10305.0,Charlotte Williams,charlotte.williams91@example.com,2026-09-02,49.49,1.0,AU,shipd
10306.0,Mia Wilson,mia.wilson27@example.com,2026-03-24,48.17,4.0,GB,pending
10307.0,Henry Patel,henry.patel34@example.com,2026-09-22,4.79,5.0,US,pending
10308.0,Amelia Smith,amelia.smith37@example.com,2026-05-27,15052.5,1.0,NZ,pending
10309.0,Isla Jones,isla.jones3@example.com,2026-04-07,52.29,4.0,US,cancelled
10310.0,Jack Harris,jack.harris84@example.com,2026-09-19,36.27,3.0,GB,shipped
10311.0,Ngoc White,ngoc.white49@example.com,2026-07-05,192.83,2.0,US,shipped
10312.0,Lucas Martin,lucas.martin48@example.com,2026-04-21,22.48,1.0,AU,shipped
10313.0,Aarav Chen,aarav.chen42@example.com,2026-06-26,26.14,2.0,US,shipped
10314.0,Charlotte Wilson,charlotte.wilson53@example.com,2026-03-15,34.23,5.0,US,shipped
10315.0,Charlotte Williams,charlotte.williams53@example.com,2026-07-25,23.93,4.0,AU,pending
10316.0,José Wilson,jose.wilson84@example.com,2026-09-16,19.16,2.0,US,pending
10317.0,Henry Smith,henry.smith40@example.com,2026-08-26,134.24,2.0,NZ,delivered
10318.0,Noah Brown,noah.brown47@example.com,2026-07-15,99.46,4.0,US,cancelled
10319.0,Amelia Kelly,amelia.kelly16@example.com,2026-09-10,19.97,1.0,NZ,cancelled
10320.0,Leo Smith,leo.smith33@example.com,2026-09-20,26.73,2.0,US,cancelled
10321.0,Oliver Patel,oliver.patel66@example.com,2026-02-24,95.85,2.0,GB,cancelled
10322.0,Zoë Chen,zoe.chen55@example.com,2026-04-24,12.59,4.0,AU,delivered
10323.0,,anon99@example.com,2026-08-24,73.26,2.0,GB,pending
10324.0,Grace Chen,grace.chen58@example.com,2026-03-18,20.74,5.0,US,delivered
10325.0,Zoë Harris,zoe.harris1@example.com,2026-06-06,14.24,4.0,NZ,delivered
10326.0,Olivia Nguyen,olivia.nguyen35@example.com,2026-03-02,59.11,6.0,US,delivered
10327.0,Charlotte Kelly,charlotte.kelly35@example.com,2026-05-18,22.56,3.0,AU,shipped
10328.0,José Brown,jose.brown30@example.com,2026-03-22,170.14,,GB,shipped
10329.0,,anon81@example.com,2026-05-17,43.3,4.0,NZ,pending
10330.0,Lucas Walker,lucas.walker44@example.com,2026-04-06,56.69,3.0,GB,pending
10331.0,Zoë Taylor,zoe.taylor84@example.com,2026-07-10,171.91,5.0,NZ,cancelled
10332.0,Jack Jones,jack.jones48@example.com,2026-01-09,18.69,4.0,NZ,pending
10333.0,Henry Williams,henry.williams42@example.com,2026-03-23,57.46,1.0,US,delivered
10334.0,Ava Nguyen,ava.nguyen63@example.com,2026-07-12,13.29,2.0,AU,pending
10335.0,Ava Harris,ava.harris35@example.com,2026-07-15,37.12,2.0,US,pending
10336.0,Jack Wilson,jack.wilson78@example.com,2026-03-26,47.92,5.0,GB,pending
10337.0,Amelia Wilson,@example.com,2026-06-28,10.07,1.0,US,delivered
10338.0,Thomas Kelly,thomas.kelly43@example.com,2026-08-08,26.45,3.0,US,shipped
10339.0,William Chen,william.chen11@example.com,2026-02-12,40.12,3.0,GB,pending
10340.0,Noah Nguyen,noah.nguyen88@example.com,2026-07-10,104.45,1.0,NZ,delivered
10341.0,Jack Lee,jack.lee4@example.com,2026-03-03,15.94,2.0,US,delivered
10342.0,Ava Walker,ava.walker42@example.com,2026-08-22,35.23,6.0,GB,pending
10343.0,Noah White,noah.white5@example.com,2026-04-08,18.36,3.0,US,pending
10344.0,Henry Lee,henry.lee60@example.com,2026-06-22,58.15,5.0,US,pending
10345.0,Amelia Williams,amelia.williams27@example.com,2026-04-06,42.71,4.0,NZ,shipped
10346.0,Noah Patel,noah.patel14@example.com,2026-06-09,10.7,4.0,NZ,shipped
10347.0,Thomas White,thomas.white54@example.com,2026-01-27,27.96,4.0,US,pending
10348.0,Ava Harris,ava.harris23@example.com,2026-09-19,27.36,3.0,GB,pending
10349.0,Chloe Wilson,chloe.wilson25@example.com,2026-09-25,45.96,2.0,NZ,cancelled
10350.0,Chloe Taylor,chloe.taylor94@example.com,2026-07-08,43.99,5.0,AU,shipped
10351.0,Aarav Walker,aarav.walker97@example.com,2026-07-07,84.03,6.0,AU,pending
10352.0,William Chen,william.chen66@example.com,2026-02-05,13.42,3.0,NZ,cancelled
10353.0,Mia White,mia.white57@example.com,2026-09-23,31.88,5.0,GB,cancelled
10355.0,Charlotte Kelly,charlotte.kelly18@example.com,2026-03-09,53.22,3.0,AU,shipped
10356.0,Ava Kelly,ava.kelly68@example.com,2026-03-21,65.82,2.0,AU,pending
10357.0,Thomas Harris,thomas.harris9@example.com,2026-02-04,42.99,4.0,US,shipped
10358.0,Lucas Nguyen,lucas.nguyen20@example.com,2026-04-24,13.34,5.0,US,delivered
10359.0,Lucas Martin,lucas.martin92@example.com,2026-02-26,7367.5,3.0,GB,delivered
10360.0,Zoë Martin,zoe.martin43@example.com,2026-02-17,30.64,5.0,GB,shipped
10361.0,Charlotte Lee,,2026-04-16,-57.29,,NZ,cancelled
10362.0,Mia Patel,mia.patel7@example.com,2026-01-23,21.37,3.0,GB,cancelled
10363.0,Aarav Nguyen,aarav.nguyen97@example.com,2026-02-28,40.98,5.0,GB,shipped
10364.0,Thomas Taylor,thomas.taylor54@example.com,2026-09-10,42.64,6.0,GB,pending
10365.0,Mia Taylor,mia.taylor81@example.com,2026-03-12,39.57,,NZ,shipped
10366.0,Isla Patel,isla.patel46@example.com,2026-08-08,97.0,6.0,GB,cancelled
10368.0,José Smith,jose.smith89@example.com,2026-09-26,22.52,6.0,AU,cancelled
10370.0,Lucas Jones,lucas.jones54@example.com,,36.34,3.0,NZ,cancelled
10371.0,Grace Martin,grace.martin77@example.com,2026-08-15,28.03,6.0,AU,pending
10374.0,Jack Walker,jack.walker37@example.com,2026-03-02,24.3,6.0,GB,cancelled
10375.0,,anon82@example.com,2026-01-26,53.65,3.0,GB,shipped
10376.0,Aarav Walker,aarav.walker92@example.com,2026-09-17,33.67,1.0,GB,delivered
10377.0,Lucas Williams,lucas.williams30@example.com,2026-05-12,47.23,5.0,GB,pending
10378.0,Oliver Chen,oliver.chen67@example.com,2026-03-10,68.91,5.0,US,cancelled
10379.0,Zoë Williams,zoe.williams42@example.com,2026-08-26,57.25,5.0,NZ,pending
10380.0,Thomas Kelly,thomas.kelly79@example.com,2026-09-07,-49.84,6.0,NZ,cancelled
10381.0,Chloe Taylor,chloe.taylor77@example.com,2026-07-05,123.82,4.0,AU,pending
10382.0,Oliver Chen,oliver.chen81@example.com,2026-01-28,38.96,5.0,US,cancelled
10383.0,Amelia Smith,amelia.smith29@example.com,2026-04-19,55.34,3.0,GB,shipped
10384.0,Jack Smith,jack.smith88@example.com,2026-06-01,153.86,6.0,US,delivered
10385.0,José Williams,jose.williams1@example.com,2026-06-04,115.0,6.0,AU,delivered
10386.0,Leo Taylor,leo.taylor43@example.com,2026-07-11,63.66,1.0,AU,pending
10387.0,,anon86@example.com,2026-05-23,113.42,6.0,AU,shipped
10388.0,Isla White,isla.white48@example.com,2026-02-16,22.83,1.0,US,shipped
10389.0,William Patel,william.patel40@example.com,2026-04-22,76.76,5.0,AU,cancelled
10391.0,Amelia Walker,amelia.walker34@example.com,2026-05-27,56.0,4.0,GB,shipped
10393.0,Chloe Lee,chloe.lee32@example.com,2026-05-21,27.02,3.0,GB,cancelled
10394.0,Noah Harris,noah.harris40@example.com,2026-05-12,54.54,5.0,US,cancelled
10395.0,Amelia White,amelia.white16@example.com,2026-08-28,25.79,,AU,delivered
10396.0,Oliver Chen,oliver.chen83@example.com,2026-03-04,36.61,6.0,GB,pending
10397.0,William Nguyen,william.nguyen66@example.com,2026-01-22,19.15,6.0,NZ,delivered
10398.0,Grace Jones,grace.jones13@example.com,2026-02-02,47.35,3.0,GB,shipped
10399.0,Henry Walker,henry.walker70@example.com,2026-04-12,40.31,6.0,NZ,delivered
10400.0,Leo Lee,leo.lee78@example.com,2026-09-26,62.56,4.0,GB,shipped
99999.0,Marker Baseline,marker@example.com,2026-01-01,1.0,1.0,AU,pending
