uploaded_at_aest,case,s3_version_id,size,run_started_aest,gcs_object,report,notes
2026-10-02T14:55:36,schema-drop-column,83k9nJAdqftt9BP6sG_CNbcfZGCwhEwG,29.5 KB,14:57 (fail) / 15:05 (after chatbot fix),none / orders_cleaned_1790917556079,drop-column-after-fix.json,failed loudly then chatbot patch shipped blank country
2026-09-29T20:41:05,baseline,CHuf92rP4C8D6P2cEVXOfuRWgdWNfnh0,32.1 KB,2026-10-02 13:29 / 14:41 / 14:50,orders_cleaned_1790911751099 / ..16116670 / ..16628145,manual-1..3-baseline.json,3/3 identical
2026-10-02T15:09:56,baseline (restore after drop-column),9OU4TBDc7OIaWY9K8PVy1FsA0OwNDPL9,32.1 KB,,,,regression check of chatbot patch
2026-10-02T15:22:07,schema-rename-column,EfHU9zLaR5Ay1uqPvXotbtWFsiHolxaI,32.2 KB,,,,
2026-10-02T15:52:58,schema-type-change,fauwQIACXEVBbjZ_pxx.g7.c3cWIxUxj,34.6 KB,,,,
2026-10-02T16:11:26,schema-add-column,CFDR3eDky80pHiylkxeAAUcSR_MPhZsm,34.2 KB,,,,
2026-10-02T16:36:53,schema-all-combined,FwxOAybxjU7_Vb.sebyVXKw9SVr_0SBx,33.9 KB,16:37 (fail),none,,error names only amount_usd
2026-10-02T16:55:04,schema-all-combined,FwxOAybxjU7_Vb.sebyVXKw9SVr_0SBx,33.9 KB,16:54 (after 4 chatbot requests),orders_cleaned_1790924103326,all-combined-after-fix.json,green; country blank all rows; 10 columns
2026-10-02T17:11:44,semantic-dollars-to-cents,rtOoGcJTbJXsCbBFcP7Hpa87D.4BJqaZ,31.7 KB,~17:11,orders_cleaned_1790925115589,,
2026-10-02T17:15:09,semantic-date-mmdd-to-ddmm,NvqcIZ1m61AbLCY3ECiCp38IBDHz0bX2,32.2 KB,17:15:13,orders_cleaned_1790925315937,,
